Metric,Value
Total_Test_Samples,750
Overall_Subset_Accuracy_Percent,56.40
Macro_F1_Percent,55.33
Hamming_Loss,0.1240
WiFi_Precision_Percent,62.93
WiFi_Recall_Percent,55.30
WiFi_F1_Percent,58.87
Bluetooth_Precision_Percent,43.40
Bluetooth_Recall_Percent,57.86
Bluetooth_F1_Percent,49.60
Zigbee_Precision_Percent,56.33
Zigbee_Recall_Percent,86.79
Zigbee_F1_Percent,68.32
SmartBAN_Precision_Percent,63.39
SmartBAN_Recall_Percent,50.00
SmartBAN_F1_Percent,55.91
Unknown_Noise_Precision_Percent,75.38
Unknown_Noise_Recall_Percent,31.01
Unknown_Noise_F1_Percent,43.95
High_SNR_Accuracy_Minus2dB_Percent,91.78
High_SNR_Accuracy_0dB_Percent,70.97
Inference_Mean_Latency_ms,2.84
